{"022163a7-b3dc-fc52-d57b-cc71802afceb":"/resources/optional/data.json","0308ce98-8bb2-fc2f-a3ec-af2a49b6aa69":"/resources/login/data.json","0e7532cd-e788-d3ad-983c-d77eafe1a1de":"/resources/lab10/data.json","106e5c12-99a8-7e07-05f9-ba1b0352af6f":"/resources/6-189iap08-th/data.json","120773df-723c-5137-0dcc-2f94aaf55435":"/resources/notes1/data.json","1780c031-9d1c-efe0-339a-511f77bec244":"/resources/collision/data.json","1ef2381c-c3d9-a868-786c-873ad7c6e5ed":"/resources/websearch1/data.json","224abc3a-7686-524f-3f57-1a13f55884e9":"/resources/smallsites/data.json","240957e6-932e-8534-4f58-94f3a9e8040a":"/resources/exam1_soln/data.json","2a5cd162-4ce6-4153-031b-6ca7cc4b87a3":"/resources/namesages_soln/data.json","2a64bd66-acb4-55da-b8b8-36ec4fcd1736":"/pages/lecture-notes/data.json","2c10d255-3f0e-16aa-3262-ac1a69a6780b":"/resources/webindexer2/data.json","2d195da2-e0cf-3b7e-42d1-e11e4865c5cb":"/resources/notes9/data.json","35178977-2d3c-d3ec-abb5-3b4c56f81d64":"/resources/handout3/data.json","39a3102f-e3af-cd9d-6a5a-e6079b039f00":"/resources/mitsites20/data.json","42fc2a54-dbb8-983e-0be8-cadfbd26a3ff":"/resources/lab8/data.json","477a7b86-e8c5-0486-b48c-02363f720bef":"/resources/hangman_soln/data.json","4e37c0f7-b3fb-58af-3fd8-96e37d088b1a":"/resources/inventory/data.json","4e4b3fa4-44d8-2201-1133-3e74df4bca86":"/resources/handout5/data.json","4f9355b3-f8f2-54d7-2109-cf820629d6cc":"/resources/handout4/data.json","4feae92d-d7ec-5ce7-2b56-6ce96ec296d9":"/pages/readings/data.json","4ffd00ef-fbae-e4bc-03d6-bcae2d38f9cb":"/resources/webindexer1_soln/data.json","505ed63e-7ecd-a091-d884-e02ad7726599":"/resources/word_list/data.json","520ca17a-0526-01b8-8e01-377e0e2882ea":"/resources/hangman/data.json","54293c9e-0f4f-bf51-5f59-981e7196fa13":"/resources/lab5/data.json","5bb15eca-cf39-1521-fd62-5793ef1a227c":"/resources/mitsites50/data.json","5db9c3ed-1a63-646b-2a39-154bb98947d0":"/resources/hangman_lib/data.json","647ec78d-ce25-991a-1d58-c5306ef23f53":"/pages/assignments/data.json","6a1d2475-4b9b-468c-5dd9-fdb42b56a16e":"/resources/operator/data.json","6b3bd210-f97d-0a35-9b72-cbacb174028c":"/resources/project1/data.json","6faeb3af-6a54-f766-8cd2-69a3ab66f49f":"/resources/lab4/data.json","73030cb6-5d77-bdb1-0ff8-2c37232f55d0":"/resources/6-189iap08/data.json","78d40094-f200-7c2c-2618-93871dceed51":"/resources/namesages/data.json","7d8356ce-b1c4-3021-1771-83186cde0ffc":"/resources/nims2/data.json","7fef0cb6-f5a9-3e43-2e4f-644cfa3de760":"/resources/notes7/data.json","87f5c450-eb6a-e377-9b2b-0198fedafbea":"/resources/handout1/data.json","8838b497-f701-e8eb-6381-e5580eeb0c73":"/resources/inventory_soln/data.json","8ba24c16-0461-566a-2c14-f8c6c21eff03":"/resources/lab9/data.json","8d6a7755-9881-1eab-94fd-8b8e022b2573":"/pages/syllabus/data.json","991ff5e6-3989-5ef1-7e01-2df5cc59d6e0":"/resources/tictactoe/data.json","9dfe3354-3db0-11b5-3986-dc2a27e9202a":"/resources/reportcard/data.json","a6cad15c-d205-2649-2757-bc096a4a9d7f":"/resources/notes6/data.json","a86a0ff0-9e86-fdc3-a0e7-dd64a7c3e6bb":"/resources/sorting/data.json","aa10d0e2-36b6-e2c9-ea37-5cd82e59cadf":"/resources/nims1/data.json","b6644342-9ea6-028e-ed90-641b5e40b9f7":"/resources/localsites/data.json","b739d7db-6df6-27f0-fbfc-298b89dbbf16":"/resources/webindexer1/data.json","bfea0c8b-6483-d4fc-187e-dd3b4c93556e":"/resources/genetic/data.json","cad99704-bc00-3155-2f44-e92b75640d8d":"/resources/websearch2/data.json","caf21161-eee5-53ab-c08e-e9618bee7821":"/resources/lab6/data.json","cba573ff-3534-4d37-c5c0-d65e48281575":"/resources/notes8/data.json","cdd02bd5-36a8-e0b4-48d1-9c3526e1db52":"/resources/webindexer2_soln/data.json","ce7d4f4a-59ad-4d14-4592-be7641ff9daf":"/pages/projects/data.json","d2c23ab0-3e28-f535-cd3f-8a28d717f4e3":"/resources/lab7/data.json","dbe6614a-f641-9849-c578-107771134d09":"/resources/htmltext/data.json","e158cc0d-1bac-8d22-1523-704ec177eb9a":"/resources/connectfour/data.json","e9e28522-4c2e-7cb5-ed4b-bea90725099f":"/resources/piglatin/data.json","f14cc25f-40fd-15ab-9bda-49280569f69c":"/resources/handout2/data.json","f2930339-101f-9dce-da43-7c08189b8559":"/resources/lab3/data.json"}