{
  "title":"notes6.pdf",
  "description": "Lecture notes and homework assignment from Session 6.  Topics include list basics, objects and references, mutability, member functions, lists redux, advanced positioning and slicing, range function, for loop, and basic advanced loops.",
  "file": "/courses/6-189-a-gentle-introduction-to-programming-using-python-january-iap-2008/a6cad15cd20526492757bc096a4a9d7f_notes6.pdf",
  "learning_resource_types": ["Lecture Notes"],
  "resource_type": "Document",
  "file_type": "application/pdf"}
