{
  "title":"lab9.pdf",
  "description": "Instructions for Lab 9: Introduction to Dictionaries. Lab 9 covered the use and syntax of dictionaries. The bulk of the lab was to explore one common use of dictionaries as indexes, in this case, for searching the Web.",
  "file": "/courses/6-189-a-gentle-introduction-to-programming-using-python-january-iap-2008/8ba24c160461566a2c14f8c6c21eff03_lab9.pdf",
  "learning_resource_types": ["Assignments"],
  "resource_type": "Document",
  "file_type": "application/pdf"}
