{
  "title":"exam1_soln.pdf",
  "description": "Solutions to the first exam. Exam 1 (Session 5) covered everything through class 3: variables, types, operators, functions, conditionals and loops. The solutions double as notes for sessions 1 through 3.",
  "file": "/courses/6-189-a-gentle-introduction-to-programming-using-python-january-iap-2008/240957e6932e85344f5894f3a9e8040a_exam1_soln.pdf",
  "learning_resource_types": ["Lecture Notes"],
  "resource_type": "Document",
  "file_type": "application/pdf"}
