<?xml version="1.0" encoding="utf-8" standalone="yes"?>
<rss version="2.0" xmlns:atom="http://www.w3.org/2005/Atom">
  <channel>
    <title>Readings on MIT OpenCourseWare</title>
    <link>/resources/readings/</link>
    <description>Recent content in Readings on MIT OpenCourseWare</description>
    <generator>Hugo</generator>
    <language>en-us</language>
    <atom:link href="/resources/readings/index.xml" rel="self" type="application/rss+xml" />
    <item>
      <title>Readings</title>
      <link>/pages/readings/data.json</link>
      <pubDate>Mon, 01 Jan 0001 00:00:00 +0000</pubDate>
      <guid>/pages/readings/data.json</guid>
      <description>&lt;h3 id=&#34;textbook&#34;&gt;Textbook&lt;/h3&gt;&#xA;&#xA;&lt;p&gt;The course textbook is &lt;a href=&#34;http://www.greenteapress.com/thinkpython/thinkCSpy/&#34; target=&#34;_blank&#34; rel=&#34;noopener&#34;&gt;&lt;em&gt;How to Think Like a Computer Scientist&lt;/em&gt;&lt;/a&gt;, through Chapter 12 (classes and objects). Links to individual chapters can be found &lt;a href=&#34;http://www.greenteapress.com/thinkpython/thinkCSpy/html/&#34; target=&#34;_blank&#34; rel=&#34;noopener&#34;&gt;here&lt;/a&gt;.&lt;/p&gt;&#xA;&lt;p&gt;The lectures stick with the order of the textbook for the most part, but not always.&lt;/p&gt;&#xA;&#xA;    &lt;h3 id=&#34;links&#34;&gt;Links&lt;/h3&gt;&#xA;&#xA;&lt;p&gt;The &lt;a href=&#34;http://rgruet.free.fr/PQR24/PQR2.4.html&#34; target=&#34;_blank&#34; rel=&#34;noopener&#34;&gt;Python Quick Reference (2.4)&lt;/a&gt; lists and explains all of Python&amp;rsquo;s built-in functions and behavior.&lt;/p&gt;</description>
    </item>
  </channel>
</rss>
