{
  "title":"6-189iap08.jpg",
  "description": "\"I wrote 20 short programs in Python? yesterday. It was wonderful. Perl, I'm leaving you.\" (Courtesy of Randall Munroe, creator of the xkcd webcomic; this particular image can be found here.",
  "file": "/courses/6-189-a-gentle-introduction-to-programming-using-python-january-iap-2008/73030cb65d77bdb10ff82c37232f55d0_6-189iap08.jpg",
  "learning_resource_types": [],
  "resource_type": "Image",
  "file_type": "image/jpeg",
  "image_metadata": {"caption":"\"I wrote 20 short programs in Python yesterday. It was wonderful. Perl, I'm leaving you.\" (Image courtesy of Randall Munroe, creator of the [xkcd](http://xkcd.com/) webcomic; this particular image can be found [here](http://xkcd.com/353/).)","credit":"","image-alt":"Comic strip showing how easy it is to do anything in Python, even fly."}}
